<?xml version="1.0" encoding="UTF-8"?>
<config xmlns="http://www.knime.org/2008/09/XMLConfig" xmlns:xsi="http://www.w3.org/2001/XMLSchema-instance" xsi:schemaLocation="http://www.knime.org/2008/09/XMLConfig http://www.knime.org/XMLConfig_2008_09.xsd" key="viewRepresentation">
<config key="curveSettings">
<config key="Imagepix_val">
<config key="x_values">
<entry key="array-size" type="xint" value="257"/>
<entry key="0" type="xdouble" value="0.0"/>
<entry key="1" type="xdouble" value="0.0013754636261015566"/>
<entry key="2" type="xdouble" value="0.002276629450099128"/>
<entry key="3" type="xdouble" value="0.00317305229607566"/>
<entry key="4" type="xdouble" value="0.003870270065168518"/>
<entry key="5" type="xdouble" value="0.004539029966135137"/>
<entry key="6" type="xdouble" value="0.005046528614386401"/>
<entry key="7" type="xdouble" value="0.005425966856069589"/>
<entry key="8" type="xdouble" value="0.005786433185668617"/>
<entry key="9" type="xdouble" value="0.006094726757036208"/>
<entry key="10" type="xdouble" value="0.006407763306424838"/>
<entry key="11" type="xdouble" value="0.006725542833834508"/>
<entry key="12" type="xdouble" value="0.007019607471138979"/>
<entry key="13" type="xdouble" value="0.0072709853062540904"/>
<entry key="14" type="xdouble" value="0.0075840218556427206"/>
<entry key="15" type="xdouble" value="0.007830656712736793"/>
<entry key="16" type="xdouble" value="0.008101006459936064"/>
<entry key="17" type="xdouble" value="0.008399814075261575"/>
<entry key="18" type="xdouble" value="0.008736565514755405"/>
<entry key="19" type="xdouble" value="0.009006915261954676"/>
<entry key="20" type="xdouble" value="0.009263036075090828"/>
<entry key="21" type="xdouble" value="0.00953812880031114"/>
<entry key="22" type="xdouble" value="0.009889109173868088"/>
<entry key="23" type="xdouble" value="0.0101879167891936"/>
<entry key="24" type="xdouble" value="0.010505696316603268"/>
<entry key="25" type="xdouble" value="0.010847190734118137"/>
<entry key="26" type="xdouble" value="0.011278801734032765"/>
<entry key="27" type="xdouble" value="0.01172464166801051"/>
<entry key="28" type="xdouble" value="0.012151509689904097"/>
<entry key="29" type="xdouble" value="0.012621064513987042"/>
<entry key="30" type="xdouble" value="0.013062161469943748"/>
<entry key="31" type="xdouble" value="0.013716692436847248"/>
<entry key="32" type="xdouble" value="0.014342765535624509"/>
<entry key="33" type="xdouble" value="0.014983067568464887"/>
<entry key="34" type="xdouble" value="0.015713486183705026"/>
<entry key="35" type="xdouble" value="0.016382246084671644"/>
<entry key="36" type="xdouble" value="0.017155351502101138"/>
<entry key="37" type="xdouble" value="0.017942685853593755"/>
<entry key="38" type="xdouble" value="0.01873476318310741"/>
<entry key="39" type="xdouble" value="0.019493639666473786"/>
<entry key="40" type="xdouble" value="0.020418520380576555"/>
<entry key="41" type="xdouble" value="0.02129122833644789"/>
<entry key="42" type="xdouble" value="0.022107020556066743"/>
<entry key="43" type="xdouble" value="0.023036644248190553"/>
<entry key="44" type="xdouble" value="0.024013697720524762"/>
<entry key="45" type="xdouble" value="0.024943321412648572"/>
<entry key="46" type="xdouble" value="0.025877688082793424"/>
<entry key="47" type="xdouble" value="0.026793082840854115"/>
<entry key="48" type="xdouble" value="0.027808080137356642"/>
<entry key="49" type="xdouble" value="0.02885153530198541"/>
<entry key="50" type="xdouble" value="0.029951906202866654"/>
<entry key="51" type="xdouble" value="0.031161365598231818"/>
<entry key="52" type="xdouble" value="0.03244196966391258"/>
<entry key="53" type="xdouble" value="0.03363245714719358"/>
<entry key="54" type="xdouble" value="0.034822944630474584"/>
<entry key="55" type="xdouble" value="0.035956516377503106"/>
<entry key="56" type="xdouble" value="0.037033172388279155"/>
<entry key="57" type="xdouble" value="0.038185716047391835"/>
<entry key="58" type="xdouble" value="0.039262372058167884"/>
<entry key="59" type="xdouble" value="0.040557205057911765"/>
<entry key="60" type="xdouble" value="0.041771407431297966"/>
<entry key="61" type="xdouble" value="0.04285280642009505"/>
<entry key="62" type="xdouble" value="0.04392471945285006"/>
<entry key="63" type="xdouble" value="0.045176865650404574"/>
<entry key="64" type="xdouble" value="0.046391068023790775"/>
<entry key="65" type="xdouble" value="0.04781396143010273"/>
<entry key="66" type="xdouble" value="0.049080336561720374"/>
<entry key="67" type="xdouble" value="0.05046054316584297"/>
<entry key="68" type="xdouble" value="0.0518454927479866"/>
<entry key="69" type="xdouble" value="0.053197241483982964"/>
<entry key="70" type="xdouble" value="0.054681793604568436"/>
<entry key="71" type="xdouble" value="0.056370293780058624"/>
<entry key="72" type="xdouble" value="0.05807776586763297"/>
<entry key="73" type="xdouble" value="0.0597235792409338"/>
<entry key="74" type="xdouble" value="0.06133144879006631"/>
<entry key="75" type="xdouble" value="0.06292034642711465"/>
<entry key="76" type="xdouble" value="0.06458987469052069"/>
<entry key="77" type="xdouble" value="0.06626414593194775"/>
<entry key="78" type="xdouble" value="0.06781035676680675"/>
<entry key="79" type="xdouble" value="0.06924273612916078"/>
<entry key="80" type="xdouble" value="0.07078894696401977"/>
<entry key="81" type="xdouble" value="0.07243001735929956"/>
<entry key="82" type="xdouble" value="0.07401417201832687"/>
<entry key="83" type="xdouble" value="0.07547500924880714"/>
<entry key="84" type="xdouble" value="0.07696904732543469"/>
<entry key="85" type="xdouble" value="0.07859588878665136"/>
<entry key="86" type="xdouble" value="0.08011364175338412"/>
<entry key="87" type="xdouble" value="0.08167882450032726"/>
<entry key="88" type="xdouble" value="0.0831349187527865"/>
<entry key="89" type="xdouble" value="0.08479496106015044"/>
<entry key="90" type="xdouble" value="0.08643603145543023"/>
<entry key="91" type="xdouble" value="0.0880154431364365"/>
<entry key="92" type="xdouble" value="0.08962805566359006"/>
<entry key="93" type="xdouble" value="0.09122169627865945"/>
<entry key="94" type="xdouble" value="0.09282007987174988"/>
<entry key="95" type="xdouble" value="0.09435680475056679"/>
<entry key="96" type="xdouble" value="0.09618285128866713"/>
<entry key="97" type="xdouble" value="0.0980373556948937"/>
<entry key="98" type="xdouble" value="0.09984917329893093"/>
<entry key="99" type="xdouble" value="0.10174162152932584"/>
<entry key="100" type="xdouble" value="0.10368624251795217"/>
<entry key="101" type="xdouble" value="0.1057731528472097"/>
<entry key="102" type="xdouble" value="0.10782211935229892"/>
<entry key="103" type="xdouble" value="0.10983788501124085"/>
<entry key="104" type="xdouble" value="0.1118062208899724"/>
<entry key="105" type="xdouble" value="0.11393107504339825"/>
<entry key="106" type="xdouble" value="0.11583775220785626"/>
<entry key="107" type="xdouble" value="0.11753099536136749"/>
<entry key="108" type="xdouble" value="0.11930961211925743"/>
<entry key="109" type="xdouble" value="0.12113091567933675"/>
<entry key="110" type="xdouble" value="0.12282890181086902"/>
<entry key="111" type="xdouble" value="0.12440831349187528"/>
<entry key="112" type="xdouble" value="0.12612052855747066"/>
<entry key="113" type="xdouble" value="0.12779005682087669"/>
<entry key="114" type="xdouble" value="0.12926986596344112"/>
<entry key="115" type="xdouble" value="0.1307401891499635"/>
<entry key="116" type="xdouble" value="0.1324192033694116"/>
<entry key="117" type="xdouble" value="0.1342310209734488"/>
<entry key="118" type="xdouble" value="0.13606655346759122"/>
<entry key="119" type="xdouble" value="0.1381582067748698"/>
<entry key="120" type="xdouble" value="0.14028306092829565"/>
<entry key="121" type="xdouble" value="0.14250751762016334"/>
<entry key="122" type="xdouble" value="0.14479363302630455"/>
<entry key="123" type="xdouble" value="0.1471319211906772"/>
<entry key="124" type="xdouble" value="0.14962672762974416"/>
<entry key="125" type="xdouble" value="0.1523349680797579"/>
<entry key="126" type="xdouble" value="0.1549768068374771"/>
<entry key="127" type="xdouble" value="0.15812140126542654"/>
<entry key="128" type="xdouble" value="0.16105256168242915"/>
<entry key="129" type="xdouble" value="0.16430150162684146"/>
<entry key="130" type="xdouble" value="0.16776387558220054"/>
<entry key="131" type="xdouble" value="0.17105075935078118"/>
<entry key="132" type="xdouble" value="0.17425226951498307"/>
<entry key="133" type="xdouble" value="0.17739212096491144"/>
<entry key="134" type="xdouble" value="0.18067900473349208"/>
<entry key="135" type="xdouble" value="0.18341096007361102"/>
<entry key="136" type="xdouble" value="0.1864085221829082"/>
<entry key="137" type="xdouble" value="0.18927328090761628"/>
<entry key="138" type="xdouble" value="0.191976778379609"/>
<entry key="139" type="xdouble" value="0.19470873371972794"/>
<entry key="140" type="xdouble" value="0.1974786328840152"/>
<entry key="141" type="xdouble" value="0.19999715421318737"/>
<entry key="142" type="xdouble" value="0.20279076826757986"/>
<entry key="143" type="xdouble" value="0.20529980364070993"/>
<entry key="144" type="xdouble" value="0.20791318453030289"/>
<entry key="145" type="xdouble" value="0.21064513987042183"/>
<entry key="146" type="xdouble" value="0.2133059505402252"/>
<entry key="147" type="xdouble" value="0.21614699437482807"/>
<entry key="148" type="xdouble" value="0.21909712670391485"/>
<entry key="149" type="xdouble" value="0.22199982925279124"/>
<entry key="150" type="xdouble" value="0.22442823399956366"/>
<entry key="151" type="xdouble" value="0.22731670761437692"/>
<entry key="152" type="xdouble" value="0.23048975991045256"/>
<entry key="153" type="xdouble" value="0.23346360712964456"/>
<entry key="154" type="xdouble" value="0.23651808497519422"/>
<entry key="155" type="xdouble" value="0.23957730579876493"/>
<entry key="156" type="xdouble" value="0.24257486790806213"/>
<entry key="157" type="xdouble" value="0.24577163509424296"/>
<entry key="158" type="xdouble" value="0.24921503713751791"/>
<entry key="159" type="xdouble" value="0.25267266811485595"/>
<entry key="160" type="xdouble" value="0.2562393875866779"/>
<entry key="161" type="xdouble" value="0.25991993853100487"/>
<entry key="162" type="xdouble" value="0.26391826900274146"/>
<entry key="163" type="xdouble" value="0.26763202079321563"/>
<entry key="164" type="xdouble" value="0.27171098189130993"/>
<entry key="165" type="xdouble" value="0.27585160170367773"/>
<entry key="166" type="xdouble" value="0.2797693015490566"/>
<entry key="167" type="xdouble" value="0.284213471954771"/>
<entry key="168" type="xdouble" value="0.2884204934594333"/>
<entry key="169" type="xdouble" value="0.2929263225794212"/>
<entry key="170" type="xdouble" value="0.2973610070290934"/>
<entry key="171" type="xdouble" value="0.3018004344567867"/>
<entry key="172" type="xdouble" value="0.3060691146757226"/>
<entry key="173" type="xdouble" value="0.31047059827924756"/>
<entry key="174" type="xdouble" value="0.3148388810366253"/>
<entry key="175" type="xdouble" value="0.3198142649806961"/>
<entry key="176" type="xdouble" value="0.32432483707870496"/>
<entry key="177" type="xdouble" value="0.32919113252829185"/>
<entry key="178" type="xdouble" value="0.3337870782306795"/>
<entry key="179" type="xdouble" value="0.3389094944934025"/>
<entry key="180" type="xdouble" value="0.3439323082176837"/>
<entry key="181" type="xdouble" value="0.3489883227881122"/>
<entry key="182" type="xdouble" value="0.3540680522486459"/>
<entry key="183" type="xdouble" value="0.3591098378850112"/>
<entry key="184" type="xdouble" value="0.3642701979719026"/>
<entry key="185" type="xdouble" value="0.3695681044214041"/>
<entry key="186" type="xdouble" value="0.37514584657414696"/>
<entry key="187" type="xdouble" value="0.3804911828038589"/>
<entry key="188" type="xdouble" value="0.3860878968686859"/>
<entry key="189" type="xdouble" value="0.3917984424060179"/>
<entry key="190" type="xdouble" value="0.3974331002950132"/>
<entry key="191" type="xdouble" value="0.40306301520598753"/>
<entry key="192" type="xdouble" value="0.40860281353456207"/>
<entry key="193" type="xdouble" value="0.41421849951147327"/>
<entry key="194" type="xdouble" value="0.41983892846640547"/>
<entry key="195" type="xdouble" value="0.4254071846631063"/>
<entry key="196" type="xdouble" value="0.4311129872224172"/>
<entry key="197" type="xdouble" value="0.43670970128724423"/>
<entry key="198" type="xdouble" value="0.4420265796488299"/>
<entry key="199" type="xdouble" value="0.4478035268784564"/>
<entry key="200" type="xdouble" value="0.45345715667953596"/>
<entry key="201" type="xdouble" value="0.4593052485794781"/>
<entry key="202" type="xdouble" value="0.4649873362486838"/>
<entry key="203" type="xdouble" value="0.47090657281894155"/>
<entry key="204" type="xdouble" value="0.4766455762243998"/>
<entry key="205" type="xdouble" value="0.48242726643204736"/>
<entry key="206" type="xdouble" value="0.48857890892533606"/>
<entry key="207" type="xdouble" value="0.4941519081000579"/>
<entry key="208" type="xdouble" value="0.5000569157362524"/>
<entry key="209" type="xdouble" value="0.5059050076361946"/>
<entry key="210" type="xdouble" value="0.5118479590965576"/>
<entry key="211" type="xdouble" value="0.5176628501503524"/>
<entry key="212" type="xdouble" value="0.5235820867206101"/>
<entry key="213" type="xdouble" value="0.5296673275216043"/>
<entry key="214" type="xdouble" value="0.5355201623995675"/>
<entry key="215" type="xdouble" value="0.5415769453324353"/>
<entry key="216" type="xdouble" value="0.5476337282653032"/>
<entry key="217" type="xdouble" value="0.5538944592530758"/>
<entry key="218" type="xdouble" value="0.5607053756912891"/>
<entry key="219" type="xdouble" value="0.5677486980525333"/>
<entry key="220" type="xdouble" value="0.5749864825126401"/>
<entry key="221" type="xdouble" value="0.5826416490385984"/>
<entry key="222" type="xdouble" value="0.590334759388725"/>
<entry key="223" type="xdouble" value="0.5985116534969976"/>
<entry key="224" type="xdouble" value="0.6065747161327655"/>
<entry key="225" type="xdouble" value="0.614965044251985"/>
<entry key="226" type="xdouble" value="0.6229664481734791"/>
<entry key="227" type="xdouble" value="0.6311860290839413"/>
<entry key="228" type="xdouble" value="0.639490983598782"/>
<entry key="229" type="xdouble" value="0.6475777611246549"/>
<entry key="230" type="xdouble" value="0.6564091861998311"/>
<entry key="231" type="xdouble" value="0.6653686716815754"/>
<entry key="232" type="xdouble" value="0.6747028524269818"/>
<entry key="233" type="xdouble" value="0.6846346484030393"/>
<entry key="234" type="xdouble" value="0.6950075413350535"/>
<entry key="235" type="xdouble" value="0.7058405031351085"/>
<entry key="236" type="xdouble" value="0.7169295857482997"/>
<entry key="237" type="xdouble" value="0.7292138988227929"/>
<entry key="238" type="xdouble" value="0.7419772526774111"/>
<entry key="239" type="xdouble" value="0.7556417723560269"/>
<entry key="240" type="xdouble" value="0.7703734620893766"/>
<entry key="241" type="xdouble" value="0.7853707585919046"/>
<entry key="242" type="xdouble" value="0.8011980762481147"/>
<entry key="243" type="xdouble" value="0.817784270387691"/>
<entry key="244" type="xdouble" value="0.8349396218897922"/>
<entry key="245" type="xdouble" value="0.8528253920071335"/>
<entry key="246" type="xdouble" value="0.8700850890256975"/>
<entry key="247" type="xdouble" value="0.888122634439712"/>
<entry key="248" type="xdouble" value="0.90549141995276"/>
<entry key="249" type="xdouble" value="0.9221487587626519"/>
<entry key="250" type="xdouble" value="0.938236940210019"/>
<entry key="251" type="xdouble" value="0.9533954979652625"/>
<entry key="252" type="xdouble" value="0.9682931919293486"/>
<entry key="253" type="xdouble" value="0.981203578102619"/>
<entry key="254" type="xdouble" value="0.9904571282216679"/>
<entry key="255" type="xdouble" value="0.9955653155503278"/>
<entry key="256" type="xdouble" value="1.0"/>
</config>
<config key="y_values">
<entry key="array-size" type="xint" value="257"/>
<entry key="0" type="xdouble" value="0.0"/>
<entry key="1" type="xdouble" value="0.0"/>
<entry key="2" type="xdouble" value="0.0"/>
<entry key="3" type="xdouble" value="0.0"/>
<entry key="4" type="xdouble" value="0.0"/>
<entry key="5" type="xdouble" value="0.0"/>
<entry key="6" type="xdouble" value="0.0"/>
<entry key="7" type="xdouble" value="0.0"/>
<entry key="8" type="xdouble" value="0.0"/>
<entry key="9" type="xdouble" value="0.0"/>
<entry key="10" type="xdouble" value="0.0"/>
<entry key="11" type="xdouble" value="0.0"/>
<entry key="12" type="xdouble" value="0.0"/>
<entry key="13" type="xdouble" value="0.0"/>
<entry key="14" type="xdouble" value="0.0"/>
<entry key="15" type="xdouble" value="2.123953952678306E-5"/>
<entry key="16" type="xdouble" value="2.123953952678306E-5"/>
<entry key="17" type="xdouble" value="2.123953952678306E-5"/>
<entry key="18" type="xdouble" value="2.123953952678306E-5"/>
<entry key="19" type="xdouble" value="2.123953952678306E-5"/>
<entry key="20" type="xdouble" value="4.247907905356612E-5"/>
<entry key="21" type="xdouble" value="6.371861858034918E-5"/>
<entry key="22" type="xdouble" value="8.495815810713224E-5"/>
<entry key="23" type="xdouble" value="1.0619769763391529E-4"/>
<entry key="24" type="xdouble" value="1.2743723716069835E-4"/>
<entry key="25" type="xdouble" value="1.486767766874814E-4"/>
<entry key="26" type="xdouble" value="1.486767766874814E-4"/>
<entry key="27" type="xdouble" value="1.6991631621426448E-4"/>
<entry key="28" type="xdouble" value="1.9115585574104753E-4"/>
<entry key="29" type="xdouble" value="2.1239539526783058E-4"/>
<entry key="30" type="xdouble" value="3.185930929017459E-4"/>
<entry key="31" type="xdouble" value="4.2479079053566116E-4"/>
<entry key="32" type="xdouble" value="4.885094091160104E-4"/>
<entry key="33" type="xdouble" value="5.947071067499256E-4"/>
<entry key="34" type="xdouble" value="7.858629624909732E-4"/>
<entry key="35" type="xdouble" value="8.920606601248885E-4"/>
<entry key="36" type="xdouble" value="0.001104456055392719"/>
<entry key="37" type="xdouble" value="0.0015080073064015972"/>
<entry key="38" type="xdouble" value="0.0019327980969372585"/>
<entry key="39" type="xdouble" value="0.0022301516503122213"/>
<entry key="40" type="xdouble" value="0.002463786585106835"/>
<entry key="41" type="xdouble" value="0.0029522959942228453"/>
<entry key="42" type="xdouble" value="0.0035257635614459877"/>
<entry key="43" type="xdouble" value="0.00409923112866913"/>
<entry key="44" type="xdouble" value="0.0045452614587315745"/>
<entry key="45" type="xdouble" value="0.005097489486427935"/>
<entry key="46" type="xdouble" value="0.0055859988955439446"/>
<entry key="47" type="xdouble" value="0.006329382778981351"/>
<entry key="48" type="xdouble" value="0.007157724820525891"/>
<entry key="49" type="xdouble" value="0.007731192387749034"/>
<entry key="50" type="xdouble" value="0.008389618113079308"/>
<entry key="51" type="xdouble" value="0.009069283377936367"/>
<entry key="52" type="xdouble" value="0.009770188182320207"/>
<entry key="53" type="xdouble" value="0.010492332526230832"/>
<entry key="54" type="xdouble" value="0.011214476870141455"/>
<entry key="55" type="xdouble" value="0.012021579372159212"/>
<entry key="56" type="xdouble" value="0.012786202795123401"/>
<entry key="57" type="xdouble" value="0.013423388980926893"/>
<entry key="58" type="xdouble" value="0.014272970561998216"/>
<entry key="59" type="xdouble" value="0.01484643812922136"/>
<entry key="60" type="xdouble" value="0.0154199056964445"/>
<entry key="61" type="xdouble" value="0.015780977868399812"/>
<entry key="62" type="xdouble" value="0.016333205896096173"/>
<entry key="63" type="xdouble" value="0.016715517607578268"/>
<entry key="64" type="xdouble" value="0.016906673463319314"/>
<entry key="65" type="xdouble" value="0.017225266556221062"/>
<entry key="66" type="xdouble" value="0.017671296886283504"/>
<entry key="67" type="xdouble" value="0.018074848137292383"/>
<entry key="68" type="xdouble" value="0.018350962151140564"/>
<entry key="69" type="xdouble" value="0.018563357546408393"/>
<entry key="70" type="xdouble" value="0.018796992481203006"/>
<entry key="71" type="xdouble" value="0.01900938787647084"/>
<entry key="72" type="xdouble" value="0.01922178327173867"/>
<entry key="73" type="xdouble" value="0.019455418206533282"/>
<entry key="74" type="xdouble" value="0.01977401129943503"/>
<entry key="75" type="xdouble" value="0.019943927615649292"/>
<entry key="76" type="xdouble" value="0.020220041629497473"/>
<entry key="77" type="xdouble" value="0.020432437024765302"/>
<entry key="78" type="xdouble" value="0.020602353340979568"/>
<entry key="79" type="xdouble" value="0.020814748736247397"/>
<entry key="80" type="xdouble" value="0.020857227815300965"/>
<entry key="81" type="xdouble" value="0.021090862750095578"/>
<entry key="82" type="xdouble" value="0.021218299987256276"/>
<entry key="83" type="xdouble" value="0.02132449768489019"/>
<entry key="84" type="xdouble" value="0.02151565354063124"/>
<entry key="85" type="xdouble" value="0.0218130070940062"/>
<entry key="86" type="xdouble" value="0.0219404443311669"/>
<entry key="87" type="xdouble" value="0.02213160018690795"/>
<entry key="88" type="xdouble" value="0.02230151650312221"/>
<entry key="89" type="xdouble" value="0.02257763051697039"/>
<entry key="90" type="xdouble" value="0.022874984070345356"/>
<entry key="91" type="xdouble" value="0.023129858544666752"/>
<entry key="92" type="xdouble" value="0.023448451637568497"/>
<entry key="93" type="xdouble" value="0.023639607493309546"/>
<entry key="94" type="xdouble" value="0.023809523809523808"/>
<entry key="95" type="xdouble" value="0.02408563782337199"/>
<entry key="96" type="xdouble" value="0.024340512297693385"/>
<entry key="97" type="xdouble" value="0.02478654262775583"/>
<entry key="98" type="xdouble" value="0.02512637526018436"/>
<entry key="99" type="xdouble" value="0.025508686971666455"/>
<entry key="100" type="xdouble" value="0.026060914999362812"/>
<entry key="101" type="xdouble" value="0.026443226710844907"/>
<entry key="102" type="xdouble" value="0.027101652436175183"/>
<entry key="103" type="xdouble" value="0.02763264092434476"/>
<entry key="104" type="xdouble" value="0.028227348031094685"/>
<entry key="105" type="xdouble" value="0.02882205513784461"/>
<entry key="106" type="xdouble" value="0.029416762244594538"/>
<entry key="107" type="xdouble" value="0.03026634382566586"/>
<entry key="108" type="xdouble" value="0.03103096724863005"/>
<entry key="109" type="xdouble" value="0.03181683021112102"/>
<entry key="110" type="xdouble" value="0.03268765133171913"/>
<entry key="111" type="xdouble" value="0.03349475383373689"/>
<entry key="112" type="xdouble" value="0.034344335414808205"/>
<entry key="113" type="xdouble" value="0.03517267745635275"/>
<entry key="114" type="xdouble" value="0.03621341489316512"/>
<entry key="115" type="xdouble" value="0.03731787094855783"/>
<entry key="116" type="xdouble" value="0.03867720147827195"/>
<entry key="117" type="xdouble" value="0.04007901108703963"/>
<entry key="118" type="xdouble" value="0.04143834161675375"/>
<entry key="119" type="xdouble" value="0.043264942016057094"/>
<entry key="120" type="xdouble" value="0.04470923070387834"/>
<entry key="121" type="xdouble" value="0.04645087294507455"/>
<entry key="122" type="xdouble" value="0.04829871288390468"/>
<entry key="123" type="xdouble" value="0.05059258315279725"/>
<entry key="124" type="xdouble" value="0.052950172040270166"/>
<entry key="125" type="xdouble" value="0.05505288645342169"/>
<entry key="126" type="xdouble" value="0.05768658935474279"/>
<entry key="127" type="xdouble" value="0.060299052716537106"/>
<entry key="128" type="xdouble" value="0.06371861858034918"/>
<entry key="129" type="xdouble" value="0.06728686122084873"/>
<entry key="130" type="xdouble" value="0.0704515526103394"/>
<entry key="131" type="xdouble" value="0.07438086742279428"/>
<entry key="132" type="xdouble" value="0.07875621256531158"/>
<entry key="133" type="xdouble" value="0.08281296461492715"/>
<entry key="134" type="xdouble" value="0.08714583067839089"/>
<entry key="135" type="xdouble" value="0.09173357121617604"/>
<entry key="136" type="xdouble" value="0.09714965379550572"/>
<entry key="137" type="xdouble" value="0.10443481585319231"/>
<entry key="138" type="xdouble" value="0.11165625929229854"/>
<entry key="139" type="xdouble" value="0.11917505628477974"/>
<entry key="140" type="xdouble" value="0.12656641604010024"/>
<entry key="141" type="xdouble" value="0.134913555074126"/>
<entry key="142" type="xdouble" value="0.1431757359500446"/>
<entry key="143" type="xdouble" value="0.15199014485365958"/>
<entry key="144" type="xdouble" value="0.15999745125525677"/>
<entry key="145" type="xdouble" value="0.16891805785650568"/>
<entry key="146" type="xdouble" value="0.17707404103479035"/>
<entry key="147" type="xdouble" value="0.1855698568455036"/>
<entry key="148" type="xdouble" value="0.19402319357716324"/>
<entry key="149" type="xdouble" value="0.20294380017841213"/>
<entry key="150" type="xdouble" value="0.21184316724013424"/>
<entry key="151" type="xdouble" value="0.22110360647381164"/>
<entry key="152" type="xdouble" value="0.22964190136357843"/>
<entry key="153" type="xdouble" value="0.2389660592158362"/>
<entry key="154" type="xdouble" value="0.24765303088229046"/>
<entry key="155" type="xdouble" value="0.2573382609065035"/>
<entry key="156" type="xdouble" value="0.267087209549297"/>
<entry key="157" type="xdouble" value="0.27613525338770656"/>
<entry key="158" type="xdouble" value="0.2873709697973748"/>
<entry key="159" type="xdouble" value="0.29750223015165034"/>
<entry key="160" type="xdouble" value="0.30788836498024724"/>
<entry key="161" type="xdouble" value="0.3196125907990315"/>
<entry key="162" type="xdouble" value="0.33148549339450323"/>
<entry key="163" type="xdouble" value="0.3435283123061892"/>
<entry key="164" type="xdouble" value="0.3561870778641519"/>
<entry key="165" type="xdouble" value="0.36816617815725755"/>
<entry key="166" type="xdouble" value="0.381440890361497"/>
<entry key="167" type="xdouble" value="0.39554394460728093"/>
<entry key="168" type="xdouble" value="0.409923112866913"/>
<entry key="169" type="xdouble" value="0.4257465698143664"/>
<entry key="170" type="xdouble" value="0.44065672656216814"/>
<entry key="171" type="xdouble" value="0.4548022598870056"/>
<entry key="172" type="xdouble" value="0.4699035724905484"/>
<entry key="173" type="xdouble" value="0.48661909009812665"/>
<entry key="174" type="xdouble" value="0.5018053608597766"/>
<entry key="175" type="xdouble" value="0.5165243617518372"/>
<entry key="176" type="xdouble" value="0.5317955906715942"/>
<entry key="177" type="xdouble" value="0.5457074890616371"/>
<entry key="178" type="xdouble" value="0.559130878042564"/>
<entry key="179" type="xdouble" value="0.5723206320886963"/>
<entry key="180" type="xdouble" value="0.5841298160655877"/>
<entry key="181" type="xdouble" value="0.5961726349772737"/>
<entry key="182" type="xdouble" value="0.6081942143494329"/>
<entry key="183" type="xdouble" value="0.6202795123401724"/>
<entry key="184" type="xdouble" value="0.6310691984197783"/>
<entry key="185" type="xdouble" value="0.6423686334480269"/>
<entry key="186" type="xdouble" value="0.6553247525593645"/>
<entry key="187" type="xdouble" value="0.6678773204196933"/>
<entry key="188" type="xdouble" value="0.6811945117029863"/>
<entry key="189" type="xdouble" value="0.6937046004842615"/>
<entry key="190" type="xdouble" value="0.706873114990867"/>
<entry key="191" type="xdouble" value="0.7186822989677584"/>
<entry key="192" type="xdouble" value="0.7303852852470158"/>
<entry key="193" type="xdouble" value="0.7419820738286393"/>
<entry key="194" type="xdouble" value="0.7535576228707361"/>
<entry key="195" type="xdouble" value="0.7644322671084491"/>
<entry key="196" type="xdouble" value="0.7747971623975192"/>
<entry key="197" type="xdouble" value="0.7853319740028036"/>
<entry key="198" type="xdouble" value="0.7948685272503292"/>
<entry key="199" type="xdouble" value="0.8038103733911048"/>
<entry key="200" type="xdouble" value="0.8138141965082197"/>
<entry key="201" type="xdouble" value="0.8228834798861561"/>
<entry key="202" type="xdouble" value="0.8304872350367444"/>
<entry key="203" type="xdouble" value="0.83942908117752"/>
<entry key="204" type="xdouble" value="0.8478399388301262"/>
<entry key="205" type="xdouble" value="0.8568455035894822"/>
<entry key="206" type="xdouble" value="0.8655961938745168"/>
<entry key="207" type="xdouble" value="0.8752389448196763"/>
<entry key="208" type="xdouble" value="0.8836498024722824"/>
<entry key="209" type="xdouble" value="0.8918270251900938"/>
<entry key="210" type="xdouble" value="0.8990059895501465"/>
<entry key="211" type="xdouble" value="0.9067159423983688"/>
<entry key="212" type="xdouble" value="0.9138311881398411"/>
<entry key="213" type="xdouble" value="0.9202242895374029"/>
<entry key="214" type="xdouble" value="0.9272970561998216"/>
<entry key="215" type="xdouble" value="0.9329467737139459"/>
<entry key="216" type="xdouble" value="0.9387239284652309"/>
<entry key="217" type="xdouble" value="0.9446072809141498"/>
<entry key="218" type="xdouble" value="0.9499808844144259"/>
<entry key="219" type="xdouble" value="0.9560341531795591"/>
<entry key="220" type="xdouble" value="0.9607918100335585"/>
<entry key="221" type="xdouble" value="0.9654007901108704"/>
<entry key="222" type="xdouble" value="0.9702646446625037"/>
<entry key="223" type="xdouble" value="0.9745550316469139"/>
<entry key="224" type="xdouble" value="0.9784843464593688"/>
<entry key="225" type="xdouble" value="0.9819888704812879"/>
<entry key="226" type="xdouble" value="0.9842827407501805"/>
<entry key="227" type="xdouble" value="0.9868314854933945"/>
<entry key="228" type="xdouble" value="0.9887430440508049"/>
<entry key="229" type="xdouble" value="0.990208572278153"/>
<entry key="230" type="xdouble" value="0.9912280701754386"/>
<entry key="231" type="xdouble" value="0.9920564122169832"/>
<entry key="232" type="xdouble" value="0.9927360774818402"/>
<entry key="233" type="xdouble" value="0.9930759101142688"/>
<entry key="234" type="xdouble" value="0.9933307845885901"/>
<entry key="235" type="xdouble" value="0.9936918567605454"/>
<entry key="236" type="xdouble" value="0.9938830126162865"/>
<entry key="237" type="xdouble" value="0.9942653243277686"/>
<entry key="238" type="xdouble" value="0.9945626778811435"/>
<entry key="239" type="xdouble" value="0.9950511872902595"/>
<entry key="240" type="xdouble" value="0.9954759780807952"/>
<entry key="241" type="xdouble" value="0.995794571173697"/>
<entry key="242" type="xdouble" value="0.9962618410432862"/>
<entry key="243" type="xdouble" value="0.9966653922942951"/>
<entry key="244" type="xdouble" value="0.9971326621638843"/>
<entry key="245" type="xdouble" value="0.9976211715730003"/>
<entry key="246" type="xdouble" value="0.9979185251263752"/>
<entry key="247" type="xdouble" value="0.9982795972983306"/>
<entry key="248" type="xdouble" value="0.9984707531540716"/>
<entry key="249" type="xdouble" value="0.9986619090098127"/>
<entry key="250" type="xdouble" value="0.9988955439446073"/>
<entry key="251" type="xdouble" value="0.9990442207212947"/>
<entry key="252" type="xdouble" value="0.9992566161165626"/>
<entry key="253" type="xdouble" value="0.9994265324327769"/>
<entry key="254" type="xdouble" value="0.9995327301304108"/>
<entry key="255" type="xdouble" value="0.9996389278280446"/>
<entry key="256" type="xdouble" value="1.0"/>
</config>
<entry key="name" type="xstring" value="Imagepix_val"/>
<entry key="area" type="xdouble" value="0.6677677279800168"/>
</config>
</config>
<entry key="enableStaggeredRendering" type="xboolean" value="true"/>
<entry key="resizeToWindow" type="xboolean" value="true"/>
<entry key="dataAreaColor" type="xstring" value="rgba(230,230,230,1.0)"/>
<entry key="backgroundColor" type="xstring" value="rgba(255,255,255,1.0)"/>
<entry key="gridColor" type="xstring" value="rgba(255,255,255,1.0)"/>
<entry key="lineWidth" type="xint" value="2"/>
<entry key="imageWidth" type="xint" value="800"/>
<entry key="imageHeight" type="xint" value="600"/>
<entry key="showGrid" type="xboolean" value="true"/>
<entry key="showArea" type="xboolean" value="true"/>
<config key="colors"/>
<entry key="showLegend" type="xboolean" value="true"/>
<entry key="enableControls" type="xboolean" value="true"/>
<entry key="enableEditTitle" type="xboolean" value="true"/>
<entry key="enableEditSubtitle" type="xboolean" value="true"/>
<entry key="enableEditXAxisLabel" type="xboolean" value="true"/>
<entry key="enableEditYAxisLabel" type="xboolean" value="true"/>
</config>
